Round,Accuracy,Privacy_Epsilon,Loss
1,0.66,49.9985999975385,0.6679344177246094
2,0.66,49.9985999975385,0.41304582357406616
